{
  "documents": [],
  "tables_parsed": [],
  "tables_source_info": [],
  "images": [
    {
      "original_name": "Screenshot6039",
      "file_name": "Screenshot6039.png",
      "file_path": "/workspace/dcz_pensando_educacao/public/images/Screenshot6039.png",
      "rel_path": "images/Screenshot6039.png",
      "file_type": "png",
      "category": "images"
    }
  ],
  "summary": {
    "total_files": 1,
    "by_category": {
      "documents": 0,
      "tables_parsed": 0,
      "tables_source_info": 0,
      "images": 1
    },
    "processing_time": null
  }
}